{
  "place_id": 1,
  "place_name": "Las Canteras",
  "location":[28.13503328381347, -15.441051946479885]
}