{
  "place_id": 2,
  "place_name": "Roque Nublo",
  "location": [27.96912842945901, -15.610618804979774]
}