{
  "place_id": 3,
  "place_name": "ULGP edificio de informática",
  "location": [28.07246596716351, -15.450255925386381]
}